value,district,month
10.0,Auckland City,2009-01-01
14.0,Auckland City,2009-02-01
26.0,Auckland City,2009-03-01
22.0,Auckland City,2009-04-01
24.0,Auckland City,2009-05-01
17.0,Auckland City,2009-06-01
27.0,Auckland City,2009-07-01
19.0,Auckland City,2009-08-01
21.0,Auckland City,2009-09-01
15.0,Auckland City,2009-10-01
18.0,Auckland City,2009-11-01
14.0,Auckland City,2009-12-01
19.0,Auckland City,2010-01-01
19.0,Auckland City,2010-02-01
13.0,Auckland City,2010-03-01
27.0,Auckland City,2010-04-01
19.0,Auckland City,2010-05-01
16.0,Auckland City,2010-06-01
14.0,Auckland City,2010-07-01
20.0,Auckland City,2010-08-01
16.0,Auckland City,2010-09-01
22.0,Auckland City,2010-10-01
21.0,Auckland City,2010-11-01
9.0,Auckland City,2010-12-01
19.0,Auckland City,2011-01-01
11.0,Auckland City,2011-02-01
17.0,Auckland City,2011-03-01
13.0,Auckland City,2011-04-01
21.0,Auckland City,2011-05-01
24.0,Auckland City,2011-06-01
17.0,Auckland City,2011-07-01
21.0,Auckland City,2011-08-01
19.0,Auckland City,2011-09-01
15.0,Auckland City,2011-10-01
21.0,Auckland City,2011-11-01
22.0,Auckland City,2011-12-01
20.0,Auckland City,2012-01-01
24.0,Auckland City,2012-02-01
19.0,Auckland City,2012-03-01
18.0,Auckland City,2012-04-01
11.0,Auckland City,2012-05-01
15.0,Auckland City,2012-06-01
11.0,Auckland City,2012-07-01
16.0,Auckland City,2012-08-01
7.0,Auckland City,2012-09-01
14.0,Auckland City,2012-10-01
18.0,Auckland City,2012-11-01
25.0,Auckland City,2012-12-01
21.0,Auckland City,2013-01-01
16.0,Auckland City,2013-02-01
31.0,Auckland City,2013-03-01
15.0,Auckland City,2013-04-01
18.0,Auckland City,2013-05-01
11.0,Auckland City,2013-06-01
15.0,Auckland City,2013-07-01
16.0,Auckland City,2013-08-01
16.0,Auckland City,2013-09-01
21.0,Auckland City,2013-10-01
18.0,Auckland City,2013-11-01
15.0,Auckland City,2013-12-01
17.0,Auckland City,2014-01-01
12.0,Auckland City,2014-02-01
21.0,Auckland City,2014-03-01
27.0,Auckland City,2014-04-01
23.0,Auckland City,2014-05-01
21.0,Auckland City,2014-06-01
13.0,Auckland City,2014-07-01
14.0,Auckland City,2014-08-01
25.0,Auckland City,2014-09-01
17.0,Auckland City,2014-10-01
22.0,Auckland City,2014-11-01
20.0,Auckland City,2014-12-01
22.0,Auckland City,2015-01-01
24.0,Auckland City,2015-02-01
40.0,Auckland City,2015-03-01
22.0,Auckland City,2015-04-01
27.0,Auckland City,2015-05-01
31.0,Auckland City,2015-06-01
19.0,Auckland City,2015-07-01
23.0,Auckland City,2015-08-01
18.0,Auckland City,2015-09-01
23.0,Auckland City,2015-10-01
24.0,Auckland City,2015-11-01
27.0,Auckland City,2015-12-01
18.0,Auckland City,2016-01-01
20.0,Auckland City,2016-02-01
33.0,Auckland City,2016-03-01
25.0,Auckland City,2016-04-01
19.0,Auckland City,2016-05-01
30.0,Auckland City,2016-06-01
13.0,Auckland City,2016-07-01
38.0,Auckland City,2016-08-01
32.0,Auckland City,2016-09-01
18.0,Bay Of Plenty,2009-01-01
6.0,Bay Of Plenty,2009-02-01
15.0,Bay Of Plenty,2009-03-01
14.0,Bay Of Plenty,2009-04-01
20.0,Bay Of Plenty,2009-05-01
17.0,Bay Of Plenty,2009-06-01
23.0,Bay Of Plenty,2009-07-01
15.0,Bay Of Plenty,2009-08-01
19.0,Bay Of Plenty,2009-09-01
18.0,Bay Of Plenty,2009-10-01
16.0,Bay Of Plenty,2009-11-01
27.0,Bay Of Plenty,2009-12-01
22.0,Bay Of Plenty,2010-01-01
12.0,Bay Of Plenty,2010-02-01
15.0,Bay Of Plenty,2010-03-01
7.0,Bay Of Plenty,2010-04-01
17.0,Bay Of Plenty,2010-05-01
13.0,Bay Of Plenty,2010-06-01
15.0,Bay Of Plenty,2010-07-01
6.0,Bay Of Plenty,2010-08-01
10.0,Bay Of Plenty,2010-09-01
21.0,Bay Of Plenty,2010-10-01
11.0,Bay Of Plenty,2010-11-01
17.0,Bay Of Plenty,2010-12-01
13.0,Bay Of Plenty,2011-01-01
10.0,Bay Of Plenty,2011-02-01
7.0,Bay Of Plenty,2011-03-01
11.0,Bay Of Plenty,2011-04-01
16.0,Bay Of Plenty,2011-05-01
13.0,Bay Of Plenty,2011-06-01
24.0,Bay Of Plenty,2011-07-01
21.0,Bay Of Plenty,2011-08-01
16.0,Bay Of Plenty,2011-09-01
10.0,Bay Of Plenty,2011-10-01
16.0,Bay Of Plenty,2011-11-01
12.0,Bay Of Plenty,2011-12-01
16.0,Bay Of Plenty,2012-01-01
18.0,Bay Of Plenty,2012-02-01
21.0,Bay Of Plenty,2012-03-01
20.0,Bay Of Plenty,2012-04-01
16.0,Bay Of Plenty,2012-05-01
14.0,Bay Of Plenty,2012-06-01
14.0,Bay Of Plenty,2012-07-01
14.0,Bay Of Plenty,2012-08-01
11.0,Bay Of Plenty,2012-09-01
16.0,Bay Of Plenty,2012-10-01
24.0,Bay Of Plenty,2012-11-01
13.0,Bay Of Plenty,2012-12-01
17.0,Bay Of Plenty,2013-01-01
19.0,Bay Of Plenty,2013-02-01
24.0,Bay Of Plenty,2013-03-01
18.0,Bay Of Plenty,2013-04-01
13.0,Bay Of Plenty,2013-05-01
21.0,Bay Of Plenty,2013-06-01
19.0,Bay Of Plenty,2013-07-01
35.0,Bay Of Plenty,2013-08-01
18.0,Bay Of Plenty,2013-09-01
23.0,Bay Of Plenty,2013-10-01
25.0,Bay Of Plenty,2013-11-01
19.0,Bay Of Plenty,2013-12-01
11.0,Bay Of Plenty,2014-01-01
11.0,Bay Of Plenty,2014-02-01
19.0,Bay Of Plenty,2014-03-01
13.0,Bay Of Plenty,2014-04-01
20.0,Bay Of Plenty,2014-05-01
19.0,Bay Of Plenty,2014-06-01
15.0,Bay Of Plenty,2014-07-01
21.0,Bay Of Plenty,2014-08-01
19.0,Bay Of Plenty,2014-09-01
16.0,Bay Of Plenty,2014-10-01
24.0,Bay Of Plenty,2014-11-01
21.0,Bay Of Plenty,2014-12-01
28.0,Bay Of Plenty,2015-01-01
16.0,Bay Of Plenty,2015-02-01
17.0,Bay Of Plenty,2015-03-01
27.0,Bay Of Plenty,2015-04-01
24.0,Bay Of Plenty,2015-05-01
23.0,Bay Of Plenty,2015-06-01
35.0,Bay Of Plenty,2015-07-01
27.0,Bay Of Plenty,2015-08-01
35.0,Bay Of Plenty,2015-09-01
34.0,Bay Of Plenty,2015-10-01
27.0,Bay Of Plenty,2015-11-01
23.0,Bay Of Plenty,2015-12-01
18.0,Bay Of Plenty,2016-01-01
13.0,Bay Of Plenty,2016-02-01
27.0,Bay Of Plenty,2016-03-01
23.0,Bay Of Plenty,2016-04-01
25.0,Bay Of Plenty,2016-05-01
27.0,Bay Of Plenty,2016-06-01
26.0,Bay Of Plenty,2016-07-01
36.0,Bay Of Plenty,2016-08-01
26.0,Bay Of Plenty,2016-09-01
10.0,Canterbury,2009-01-01
12.0,Canterbury,2009-02-01
15.0,Canterbury,2009-03-01
22.0,Canterbury,2009-04-01
15.0,Canterbury,2009-05-01
21.0,Canterbury,2009-06-01
23.0,Canterbury,2009-07-01
17.0,Canterbury,2009-08-01
20.0,Canterbury,2009-09-01
26.0,Canterbury,2009-10-01
22.0,Canterbury,2009-11-01
24.0,Canterbury,2009-12-01
22.0,Canterbury,2010-01-01
19.0,Canterbury,2010-02-01
19.0,Canterbury,2010-03-01
20.0,Canterbury,2010-04-01
25.0,Canterbury,2010-05-01
19.0,Canterbury,2010-06-01
20.0,Canterbury,2010-07-01
17.0,Canterbury,2010-08-01
10.0,Canterbury,2010-09-01
20.0,Canterbury,2010-10-01
7.0,Canterbury,2010-11-01
25.0,Canterbury,2010-12-01
22.0,Canterbury,2011-01-01
10.0,Canterbury,2011-02-01
18.0,Canterbury,2011-03-01
24.0,Canterbury,2011-04-01
32.0,Canterbury,2011-05-01
20.0,Canterbury,2011-06-01
19.0,Canterbury,2011-07-01
22.0,Canterbury,2011-08-01
24.0,Canterbury,2011-09-01
33.0,Canterbury,2011-10-01
30.0,Canterbury,2011-11-01
33.0,Canterbury,2011-12-01
16.0,Canterbury,2012-01-01
19.0,Canterbury,2012-02-01
12.0,Canterbury,2012-03-01
19.0,Canterbury,2012-04-01
14.0,Canterbury,2012-05-01
16.0,Canterbury,2012-06-01
17.0,Canterbury,2012-07-01
17.0,Canterbury,2012-08-01
21.0,Canterbury,2012-09-01
23.0,Canterbury,2012-10-01
25.0,Canterbury,2012-11-01
26.0,Canterbury,2012-12-01
21.0,Canterbury,2013-01-01
22.0,Canterbury,2013-02-01
14.0,Canterbury,2013-03-01
12.0,Canterbury,2013-04-01
16.0,Canterbury,2013-05-01
18.0,Canterbury,2013-06-01
15.0,Canterbury,2013-07-01
27.0,Canterbury,2013-08-01
14.0,Canterbury,2013-09-01
20.0,Canterbury,2013-10-01
19.0,Canterbury,2013-11-01
21.0,Canterbury,2013-12-01
19.0,Canterbury,2014-01-01
16.0,Canterbury,2014-02-01
25.0,Canterbury,2014-03-01
17.0,Canterbury,2014-04-01
12.0,Canterbury,2014-05-01
14.0,Canterbury,2014-06-01
23.0,Canterbury,2014-07-01
19.0,Canterbury,2014-08-01
13.0,Canterbury,2014-09-01
41.0,Canterbury,2014-10-01
21.0,Canterbury,2014-11-01
27.0,Canterbury,2014-12-01
33.0,Canterbury,2015-01-01
21.0,Canterbury,2015-02-01
24.0,Canterbury,2015-03-01
28.0,Canterbury,2015-04-01
24.0,Canterbury,2015-05-01
41.0,Canterbury,2015-06-01
25.0,Canterbury,2015-07-01
19.0,Canterbury,2015-08-01
19.0,Canterbury,2015-09-01
29.0,Canterbury,2015-10-01
25.0,Canterbury,2015-11-01
21.0,Canterbury,2015-12-01
20.0,Canterbury,2016-01-01
25.0,Canterbury,2016-02-01
30.0,Canterbury,2016-03-01
30.0,Canterbury,2016-04-01
27.0,Canterbury,2016-05-01
28.0,Canterbury,2016-06-01
24.0,Canterbury,2016-07-01
21.0,Canterbury,2016-08-01
23.0,Canterbury,2016-09-01
23.0,Central,2009-01-01
9.0,Central,2009-02-01
27.0,Central,2009-03-01
20.0,Central,2009-04-01
25.0,Central,2009-05-01
15.0,Central,2009-06-01
12.0,Central,2009-07-01
21.0,Central,2009-08-01
17.0,Central,2009-09-01
27.0,Central,2009-10-01
15.0,Central,2009-11-01
19.0,Central,2009-12-01
16.0,Central,2010-01-01
11.0,Central,2010-02-01
18.0,Central,2010-03-01
21.0,Central,2010-04-01
15.0,Central,2010-05-01
12.0,Central,2010-06-01
24.0,Central,2010-07-01
22.0,Central,2010-08-01
27.0,Central,2010-09-01
27.0,Central,2010-10-01
18.0,Central,2010-11-01
25.0,Central,2010-12-01
14.0,Central,2011-01-01
12.0,Central,2011-02-01
22.0,Central,2011-03-01
22.0,Central,2011-04-01
16.0,Central,2011-05-01
10.0,Central,2011-06-01
24.0,Central,2011-07-01
17.0,Central,2011-08-01
15.0,Central,2011-09-01
10.0,Central,2011-10-01
22.0,Central,2011-11-01
14.0,Central,2011-12-01
15.0,Central,2012-01-01
17.0,Central,2012-02-01
20.0,Central,2012-03-01
27.0,Central,2012-04-01
28.0,Central,2012-05-01
15.0,Central,2012-06-01
20.0,Central,2012-07-01
22.0,Central,2012-08-01
20.0,Central,2012-09-01
21.0,Central,2012-10-01
23.0,Central,2012-11-01
13.0,Central,2012-12-01
8.0,Central,2013-01-01
21.0,Central,2013-02-01
26.0,Central,2013-03-01
19.0,Central,2013-04-01
21.0,Central,2013-05-01
17.0,Central,2013-06-01
24.0,Central,2013-07-01
16.0,Central,2013-08-01
26.0,Central,2013-09-01
21.0,Central,2013-10-01
16.0,Central,2013-11-01
26.0,Central,2013-12-01
14.0,Central,2014-01-01
19.0,Central,2014-02-01
29.0,Central,2014-03-01
21.0,Central,2014-04-01
14.0,Central,2014-05-01
20.0,Central,2014-06-01
26.0,Central,2014-07-01
26.0,Central,2014-08-01
24.0,Central,2014-09-01
29.0,Central,2014-10-01
22.0,Central,2014-11-01
26.0,Central,2014-12-01
18.0,Central,2015-01-01
19.0,Central,2015-02-01
20.0,Central,2015-03-01
17.0,Central,2015-04-01
24.0,Central,2015-05-01
20.0,Central,2015-06-01
29.0,Central,2015-07-01
23.0,Central,2015-08-01
23.0,Central,2015-09-01
27.0,Central,2015-10-01
15.0,Central,2015-11-01
29.0,Central,2015-12-01
22.0,Central,2016-01-01
30.0,Central,2016-02-01
26.0,Central,2016-03-01
20.0,Central,2016-04-01
36.0,Central,2016-05-01
35.0,Central,2016-06-01
30.0,Central,2016-07-01
31.0,Central,2016-08-01
30.0,Central,2016-09-01
29.0,Counties/Manukau,2009-01-01
25.0,Counties/Manukau,2009-02-01
22.0,Counties/Manukau,2009-03-01
25.0,Counties/Manukau,2009-04-01
33.0,Counties/Manukau,2009-05-01
29.0,Counties/Manukau,2009-06-01
32.0,Counties/Manukau,2009-07-01
26.0,Counties/Manukau,2009-08-01
40.0,Counties/Manukau,2009-09-01
22.0,Counties/Manukau,2009-10-01
22.0,Counties/Manukau,2009-11-01
25.0,Counties/Manukau,2009-12-01
28.0,Counties/Manukau,2010-01-01
21.0,Counties/Manukau,2010-02-01
31.0,Counties/Manukau,2010-03-01
22.0,Counties/Manukau,2010-04-01
21.0,Counties/Manukau,2010-05-01
23.0,Counties/Manukau,2010-06-01
25.0,Counties/Manukau,2010-07-01
20.0,Counties/Manukau,2010-08-01
29.0,Counties/Manukau,2010-09-01
31.0,Counties/Manukau,2010-10-01
25.0,Counties/Manukau,2010-11-01
20.0,Counties/Manukau,2010-12-01
17.0,Counties/Manukau,2011-01-01
31.0,Counties/Manukau,2011-02-01
28.0,Counties/Manukau,2011-03-01
28.0,Counties/Manukau,2011-04-01
22.0,Counties/Manukau,2011-05-01
37.0,Counties/Manukau,2011-06-01
30.0,Counties/Manukau,2011-07-01
35.0,Counties/Manukau,2011-08-01
31.0,Counties/Manukau,2011-09-01
20.0,Counties/Manukau,2011-10-01
21.0,Counties/Manukau,2011-11-01
27.0,Counties/Manukau,2011-12-01
34.0,Counties/Manukau,2012-01-01
33.0,Counties/Manukau,2012-02-01
32.0,Counties/Manukau,2012-03-01
23.0,Counties/Manukau,2012-04-01
24.0,Counties/Manukau,2012-05-01
22.0,Counties/Manukau,2012-06-01
18.0,Counties/Manukau,2012-07-01
16.0,Counties/Manukau,2012-08-01
24.0,Counties/Manukau,2012-09-01
25.0,Counties/Manukau,2012-10-01
31.0,Counties/Manukau,2012-11-01
27.0,Counties/Manukau,2012-12-01
22.0,Counties/Manukau,2013-01-01
28.0,Counties/Manukau,2013-02-01
30.0,Counties/Manukau,2013-03-01
23.0,Counties/Manukau,2013-04-01
30.0,Counties/Manukau,2013-05-01
39.0,Counties/Manukau,2013-06-01
29.0,Counties/Manukau,2013-07-01
30.0,Counties/Manukau,2013-08-01
35.0,Counties/Manukau,2013-09-01
30.0,Counties/Manukau,2013-10-01
25.0,Counties/Manukau,2013-11-01
27.0,Counties/Manukau,2013-12-01
36.0,Counties/Manukau,2014-01-01
17.0,Counties/Manukau,2014-02-01
28.0,Counties/Manukau,2014-03-01
32.0,Counties/Manukau,2014-04-01
37.0,Counties/Manukau,2014-05-01
37.0,Counties/Manukau,2014-06-01
33.0,Counties/Manukau,2014-07-01
24.0,Counties/Manukau,2014-08-01
38.0,Counties/Manukau,2014-09-01
27.0,Counties/Manukau,2014-10-01
18.0,Counties/Manukau,2014-11-01
25.0,Counties/Manukau,2014-12-01
43.0,Counties/Manukau,2015-01-01
37.0,Counties/Manukau,2015-02-01
35.0,Counties/Manukau,2015-03-01
58.0,Counties/Manukau,2015-04-01
44.0,Counties/Manukau,2015-05-01
41.0,Counties/Manukau,2015-06-01
45.0,Counties/Manukau,2015-07-01
41.0,Counties/Manukau,2015-08-01
37.0,Counties/Manukau,2015-09-01
33.0,Counties/Manukau,2015-10-01
52.0,Counties/Manukau,2015-11-01
33.0,Counties/Manukau,2015-12-01
45.0,Counties/Manukau,2016-01-01
34.0,Counties/Manukau,2016-02-01
45.0,Counties/Manukau,2016-03-01
42.0,Counties/Manukau,2016-04-01
40.0,Counties/Manukau,2016-05-01
29.0,Counties/Manukau,2016-06-01
39.0,Counties/Manukau,2016-07-01
47.0,Counties/Manukau,2016-08-01
43.0,Counties/Manukau,2016-09-01
10.0,Eastern,2009-01-01
13.0,Eastern,2009-02-01
8.0,Eastern,2009-03-01
9.0,Eastern,2009-04-01
12.0,Eastern,2009-05-01
6.0,Eastern,2009-06-01
8.0,Eastern,2009-07-01
17.0,Eastern,2009-08-01
13.0,Eastern,2009-09-01
11.0,Eastern,2009-10-01
7.0,Eastern,2009-11-01
5.0,Eastern,2009-12-01
11.0,Eastern,2010-01-01
7.0,Eastern,2010-02-01
14.0,Eastern,2010-03-01
7.0,Eastern,2010-04-01
13.0,Eastern,2010-05-01
7.0,Eastern,2010-06-01
10.0,Eastern,2010-07-01
8.0,Eastern,2010-08-01
9.0,Eastern,2010-09-01
14.0,Eastern,2010-10-01
10.0,Eastern,2010-11-01
12.0,Eastern,2010-12-01
8.0,Eastern,2011-01-01
12.0,Eastern,2011-02-01
11.0,Eastern,2011-03-01
12.0,Eastern,2011-04-01
6.0,Eastern,2011-05-01
6.0,Eastern,2011-06-01
9.0,Eastern,2011-07-01
7.0,Eastern,2011-08-01
9.0,Eastern,2011-09-01
8.0,Eastern,2011-10-01
10.0,Eastern,2011-11-01
13.0,Eastern,2011-12-01
4.0,Eastern,2012-01-01
11.0,Eastern,2012-02-01
9.0,Eastern,2012-03-01
8.0,Eastern,2012-04-01
7.0,Eastern,2012-05-01
12.0,Eastern,2012-06-01
8.0,Eastern,2012-07-01
7.0,Eastern,2012-08-01
16.0,Eastern,2012-09-01
14.0,Eastern,2012-10-01
8.0,Eastern,2012-11-01
12.0,Eastern,2012-12-01
13.0,Eastern,2013-01-01
10.0,Eastern,2013-02-01
4.0,Eastern,2013-03-01
11.0,Eastern,2013-04-01
10.0,Eastern,2013-05-01
6.0,Eastern,2013-06-01
11.0,Eastern,2013-07-01
6.0,Eastern,2013-08-01
12.0,Eastern,2013-09-01
4.0,Eastern,2013-10-01
11.0,Eastern,2013-11-01
2.0,Eastern,2013-12-01
8.0,Eastern,2014-01-01
7.0,Eastern,2014-02-01
7.0,Eastern,2014-03-01
7.0,Eastern,2014-04-01
8.0,Eastern,2014-05-01
7.0,Eastern,2014-06-01
17.0,Eastern,2014-07-01
10.0,Eastern,2014-08-01
8.0,Eastern,2014-09-01
13.0,Eastern,2014-10-01
9.0,Eastern,2014-11-01
12.0,Eastern,2014-12-01
13.0,Eastern,2015-01-01
13.0,Eastern,2015-02-01
9.0,Eastern,2015-03-01
9.0,Eastern,2015-04-01
8.0,Eastern,2015-05-01
10.0,Eastern,2015-06-01
6.0,Eastern,2015-07-01
13.0,Eastern,2015-08-01
22.0,Eastern,2015-09-01
13.0,Eastern,2015-10-01
11.0,Eastern,2015-11-01
14.0,Eastern,2015-12-01
18.0,Eastern,2016-01-01
13.0,Eastern,2016-02-01
15.0,Eastern,2016-03-01
10.0,Eastern,2016-04-01
16.0,Eastern,2016-05-01
13.0,Eastern,2016-06-01
15.0,Eastern,2016-07-01
15.0,Eastern,2016-08-01
11.0,Eastern,2016-09-01
11.0,Northland,2009-01-01
13.0,Northland,2009-02-01
4.0,Northland,2009-03-01
10.0,Northland,2009-04-01
10.0,Northland,2009-05-01
7.0,Northland,2009-06-01
7.0,Northland,2009-07-01
15.0,Northland,2009-08-01
13.0,Northland,2009-09-01
9.0,Northland,2009-10-01
12.0,Northland,2009-11-01
14.0,Northland,2009-12-01
18.0,Northland,2010-01-01
8.0,Northland,2010-02-01
10.0,Northland,2010-03-01
14.0,Northland,2010-04-01
8.0,Northland,2010-05-01
16.0,Northland,2010-06-01
7.0,Northland,2010-07-01
10.0,Northland,2010-08-01
17.0,Northland,2010-09-01
10.0,Northland,2010-10-01
12.0,Northland,2010-11-01
15.0,Northland,2010-12-01
8.0,Northland,2011-01-01
6.0,Northland,2011-02-01
8.0,Northland,2011-03-01
11.0,Northland,2011-04-01
10.0,Northland,2011-05-01
11.0,Northland,2011-06-01
9.0,Northland,2011-07-01
8.0,Northland,2011-08-01
5.0,Northland,2011-09-01
14.0,Northland,2011-10-01
5.0,Northland,2011-11-01
12.0,Northland,2011-12-01
4.0,Northland,2012-01-01
8.0,Northland,2012-02-01
6.0,Northland,2012-03-01
18.0,Northland,2012-04-01
6.0,Northland,2012-05-01
12.0,Northland,2012-06-01
7.0,Northland,2012-07-01
13.0,Northland,2012-08-01
8.0,Northland,2012-09-01
9.0,Northland,2012-10-01
7.0,Northland,2012-11-01
13.0,Northland,2012-12-01
8.0,Northland,2013-01-01
8.0,Northland,2013-02-01
10.0,Northland,2013-03-01
10.0,Northland,2013-04-01
8.0,Northland,2013-05-01
8.0,Northland,2013-06-01
5.0,Northland,2013-07-01
11.0,Northland,2013-08-01
9.0,Northland,2013-09-01
6.0,Northland,2013-10-01
8.0,Northland,2013-11-01
12.0,Northland,2013-12-01
10.0,Northland,2014-01-01
8.0,Northland,2014-02-01
5.0,Northland,2014-03-01
15.0,Northland,2014-04-01
14.0,Northland,2014-05-01
7.0,Northland,2014-06-01
12.0,Northland,2014-07-01
10.0,Northland,2014-08-01
5.0,Northland,2014-09-01
15.0,Northland,2014-10-01
7.0,Northland,2014-11-01
11.0,Northland,2014-12-01
18.0,Northland,2015-01-01
7.0,Northland,2015-02-01
16.0,Northland,2015-03-01
15.0,Northland,2015-04-01
14.0,Northland,2015-05-01
14.0,Northland,2015-06-01
8.0,Northland,2015-07-01
19.0,Northland,2015-08-01
8.0,Northland,2015-09-01
11.0,Northland,2015-10-01
20.0,Northland,2015-11-01
19.0,Northland,2015-12-01
18.0,Northland,2016-01-01
17.0,Northland,2016-02-01
18.0,Northland,2016-03-01
17.0,Northland,2016-04-01
8.0,Northland,2016-05-01
14.0,Northland,2016-06-01
15.0,Northland,2016-07-01
21.0,Northland,2016-08-01
19.0,Northland,2016-09-01
5.0,Southern,2009-01-01
12.0,Southern,2009-02-01
15.0,Southern,2009-03-01
7.0,Southern,2009-04-01
9.0,Southern,2009-05-01
16.0,Southern,2009-06-01
6.0,Southern,2009-07-01
12.0,Southern,2009-08-01
14.0,Southern,2009-09-01
11.0,Southern,2009-10-01
12.0,Southern,2009-11-01
5.0,Southern,2009-12-01
9.0,Southern,2010-01-01
8.0,Southern,2010-02-01
8.0,Southern,2010-03-01
6.0,Southern,2010-04-01
12.0,Southern,2010-05-01
14.0,Southern,2010-06-01
11.0,Southern,2010-07-01
6.0,Southern,2010-08-01
10.0,Southern,2010-09-01
9.0,Southern,2010-10-01
13.0,Southern,2010-11-01
6.0,Southern,2010-12-01
10.0,Southern,2011-01-01
4.0,Southern,2011-02-01
8.0,Southern,2011-03-01
8.0,Southern,2011-04-01
14.0,Southern,2011-05-01
7.0,Southern,2011-06-01
11.0,Southern,2011-07-01
14.0,Southern,2011-08-01
16.0,Southern,2011-09-01
9.0,Southern,2011-10-01
9.0,Southern,2011-11-01
10.0,Southern,2011-12-01
15.0,Southern,2012-01-01
5.0,Southern,2012-02-01
9.0,Southern,2012-03-01
8.0,Southern,2012-04-01
11.0,Southern,2012-05-01
5.0,Southern,2012-06-01
6.0,Southern,2012-07-01
7.0,Southern,2012-08-01
9.0,Southern,2012-09-01
12.0,Southern,2012-10-01
14.0,Southern,2012-11-01
10.0,Southern,2012-12-01
6.0,Southern,2013-01-01
9.0,Southern,2013-02-01
8.0,Southern,2013-03-01
6.0,Southern,2013-04-01
6.0,Southern,2013-05-01
3.0,Southern,2013-06-01
6.0,Southern,2013-07-01
12.0,Southern,2013-08-01
5.0,Southern,2013-09-01
13.0,Southern,2013-10-01
8.0,Southern,2013-11-01
4.0,Southern,2013-12-01
6.0,Southern,2014-01-01
12.0,Southern,2014-02-01
14.0,Southern,2014-03-01
8.0,Southern,2014-04-01
10.0,Southern,2014-05-01
9.0,Southern,2014-06-01
7.0,Southern,2014-07-01
6.0,Southern,2014-08-01
10.0,Southern,2014-09-01
10.0,Southern,2014-10-01
5.0,Southern,2014-11-01
10.0,Southern,2014-12-01
5.0,Southern,2015-01-01
7.0,Southern,2015-02-01
9.0,Southern,2015-03-01
9.0,Southern,2015-04-01
12.0,Southern,2015-05-01
12.0,Southern,2015-06-01
9.0,Southern,2015-07-01
12.0,Southern,2015-08-01
14.0,Southern,2015-09-01
15.0,Southern,2015-10-01
8.0,Southern,2015-11-01
11.0,Southern,2015-12-01
14.0,Southern,2016-01-01
2.0,Southern,2016-02-01
10.0,Southern,2016-03-01
4.0,Southern,2016-04-01
10.0,Southern,2016-05-01
14.0,Southern,2016-06-01
7.0,Southern,2016-07-01
11.0,Southern,2016-08-01
13.0,Southern,2016-09-01
7.0,Tasman,2009-01-01
7.0,Tasman,2009-02-01
5.0,Tasman,2009-03-01
9.0,Tasman,2009-04-01
4.0,Tasman,2009-05-01
9.0,Tasman,2009-06-01
5.0,Tasman,2009-07-01
6.0,Tasman,2009-08-01
9.0,Tasman,2009-09-01
5.0,Tasman,2009-10-01
4.0,Tasman,2009-11-01
8.0,Tasman,2009-12-01
9.0,Tasman,2010-01-01
7.0,Tasman,2010-02-01
4.0,Tasman,2010-03-01
3.0,Tasman,2010-04-01
1.0,Tasman,2010-05-01
4.0,Tasman,2010-06-01
7.0,Tasman,2010-07-01
6.0,Tasman,2010-08-01
8.0,Tasman,2010-09-01
8.0,Tasman,2010-10-01
3.0,Tasman,2010-11-01
3.0,Tasman,2010-12-01
2.0,Tasman,2011-01-01
6.0,Tasman,2011-02-01
5.0,Tasman,2011-03-01
7.0,Tasman,2011-04-01
8.0,Tasman,2011-05-01
6.0,Tasman,2011-06-01
7.0,Tasman,2011-07-01
10.0,Tasman,2011-08-01
6.0,Tasman,2011-09-01
3.0,Tasman,2011-10-01
2.0,Tasman,2011-11-01
1.0,Tasman,2011-12-01
6.0,Tasman,2012-01-01
7.0,Tasman,2012-02-01
6.0,Tasman,2012-03-01
3.0,Tasman,2012-04-01
4.0,Tasman,2012-05-01
5.0,Tasman,2012-06-01
7.0,Tasman,2012-07-01
4.0,Tasman,2012-08-01
6.0,Tasman,2012-09-01
6.0,Tasman,2012-10-01
2.0,Tasman,2012-11-01
10.0,Tasman,2012-12-01
5.0,Tasman,2013-01-01
7.0,Tasman,2013-02-01
7.0,Tasman,2013-03-01
3.0,Tasman,2013-04-01
6.0,Tasman,2013-05-01
7.0,Tasman,2013-06-01
7.0,Tasman,2013-07-01
2.0,Tasman,2013-08-01
1.0,Tasman,2013-09-01
5.0,Tasman,2013-10-01
9.0,Tasman,2013-11-01
5.0,Tasman,2013-12-01
5.0,Tasman,2014-01-01
2.0,Tasman,2014-02-01
5.0,Tasman,2014-03-01
10.0,Tasman,2014-04-01
4.0,Tasman,2014-05-01
4.0,Tasman,2014-06-01
3.0,Tasman,2014-07-01
9.0,Tasman,2014-08-01
3.0,Tasman,2014-09-01
6.0,Tasman,2014-10-01
5.0,Tasman,2014-11-01
4.0,Tasman,2014-12-01
6.0,Tasman,2015-01-01
2.0,Tasman,2015-02-01
7.0,Tasman,2015-03-01
4.0,Tasman,2015-04-01
6.0,Tasman,2015-05-01
3.0,Tasman,2015-06-01
3.0,Tasman,2015-07-01
5.0,Tasman,2015-08-01
4.0,Tasman,2015-09-01
10.0,Tasman,2015-10-01
2.0,Tasman,2015-11-01
10.0,Tasman,2015-12-01
7.0,Tasman,2016-01-01
11.0,Tasman,2016-02-01
0.0,Tasman,2016-03-01
4.0,Tasman,2016-04-01
5.0,Tasman,2016-05-01
8.0,Tasman,2016-06-01
9.0,Tasman,2016-07-01
6.0,Tasman,2016-08-01
8.0,Tasman,2016-09-01
16.0,Waikato,2009-01-01
15.0,Waikato,2009-02-01
18.0,Waikato,2009-03-01
16.0,Waikato,2009-04-01
17.0,Waikato,2009-05-01
21.0,Waikato,2009-06-01
14.0,Waikato,2009-07-01
23.0,Waikato,2009-08-01
16.0,Waikato,2009-09-01
13.0,Waikato,2009-10-01
12.0,Waikato,2009-11-01
18.0,Waikato,2009-12-01
15.0,Waikato,2010-01-01
15.0,Waikato,2010-02-01
10.0,Waikato,2010-03-01
11.0,Waikato,2010-04-01
16.0,Waikato,2010-05-01
16.0,Waikato,2010-06-01
16.0,Waikato,2010-07-01
19.0,Waikato,2010-08-01
22.0,Waikato,2010-09-01
22.0,Waikato,2010-10-01
22.0,Waikato,2010-11-01
24.0,Waikato,2010-12-01
10.0,Waikato,2011-01-01
19.0,Waikato,2011-02-01
17.0,Waikato,2011-03-01
18.0,Waikato,2011-04-01
13.0,Waikato,2011-05-01
10.0,Waikato,2011-06-01
13.0,Waikato,2011-07-01
21.0,Waikato,2011-08-01
14.0,Waikato,2011-09-01
27.0,Waikato,2011-10-01
20.0,Waikato,2011-11-01
16.0,Waikato,2011-12-01
24.0,Waikato,2012-01-01
20.0,Waikato,2012-02-01
21.0,Waikato,2012-03-01
21.0,Waikato,2012-04-01
20.0,Waikato,2012-05-01
12.0,Waikato,2012-06-01
16.0,Waikato,2012-07-01
9.0,Waikato,2012-08-01
12.0,Waikato,2012-09-01
15.0,Waikato,2012-10-01
16.0,Waikato,2012-11-01
26.0,Waikato,2012-12-01
11.0,Waikato,2013-01-01
12.0,Waikato,2013-02-01
17.0,Waikato,2013-03-01
9.0,Waikato,2013-04-01
18.0,Waikato,2013-05-01
12.0,Waikato,2013-06-01
19.0,Waikato,2013-07-01
23.0,Waikato,2013-08-01
26.0,Waikato,2013-09-01
24.0,Waikato,2013-10-01
30.0,Waikato,2013-11-01
18.0,Waikato,2013-12-01
22.0,Waikato,2014-01-01
14.0,Waikato,2014-02-01
17.0,Waikato,2014-03-01
11.0,Waikato,2014-04-01
22.0,Waikato,2014-05-01
19.0,Waikato,2014-06-01
13.0,Waikato,2014-07-01
17.0,Waikato,2014-08-01
17.0,Waikato,2014-09-01
19.0,Waikato,2014-10-01
15.0,Waikato,2014-11-01
21.0,Waikato,2014-12-01
23.0,Waikato,2015-01-01
12.0,Waikato,2015-02-01
19.0,Waikato,2015-03-01
23.0,Waikato,2015-04-01
21.0,Waikato,2015-05-01
21.0,Waikato,2015-06-01
39.0,Waikato,2015-07-01
28.0,Waikato,2015-08-01
27.0,Waikato,2015-09-01
18.0,Waikato,2015-10-01
19.0,Waikato,2015-11-01
11.0,Waikato,2015-12-01
23.0,Waikato,2016-01-01
26.0,Waikato,2016-02-01
23.0,Waikato,2016-03-01
21.0,Waikato,2016-04-01
19.0,Waikato,2016-05-01
17.0,Waikato,2016-06-01
24.0,Waikato,2016-07-01
24.0,Waikato,2016-08-01
16.0,Waikato,2016-09-01
30.0,Waitemata,2009-01-01
19.0,Waitemata,2009-02-01
27.0,Waitemata,2009-03-01
21.0,Waitemata,2009-04-01
26.0,Waitemata,2009-05-01
29.0,Waitemata,2009-06-01
18.0,Waitemata,2009-07-01
26.0,Waitemata,2009-08-01
21.0,Waitemata,2009-09-01
14.0,Waitemata,2009-10-01
26.0,Waitemata,2009-11-01
23.0,Waitemata,2009-12-01
17.0,Waitemata,2010-01-01
15.0,Waitemata,2010-02-01
20.0,Waitemata,2010-03-01
22.0,Waitemata,2010-04-01
19.0,Waitemata,2010-05-01
19.0,Waitemata,2010-06-01
23.0,Waitemata,2010-07-01
16.0,Waitemata,2010-08-01
20.0,Waitemata,2010-09-01
23.0,Waitemata,2010-10-01
22.0,Waitemata,2010-11-01
20.0,Waitemata,2010-12-01
22.0,Waitemata,2011-01-01
22.0,Waitemata,2011-02-01
25.0,Waitemata,2011-03-01
23.0,Waitemata,2011-04-01
38.0,Waitemata,2011-05-01
29.0,Waitemata,2011-06-01
16.0,Waitemata,2011-07-01
45.0,Waitemata,2011-08-01
27.0,Waitemata,2011-09-01
29.0,Waitemata,2011-10-01
15.0,Waitemata,2011-11-01
30.0,Waitemata,2011-12-01
33.0,Waitemata,2012-01-01
28.0,Waitemata,2012-02-01
29.0,Waitemata,2012-03-01
23.0,Waitemata,2012-04-01
35.0,Waitemata,2012-05-01
18.0,Waitemata,2012-06-01
19.0,Waitemata,2012-07-01
22.0,Waitemata,2012-08-01
21.0,Waitemata,2012-09-01
27.0,Waitemata,2012-10-01
15.0,Waitemata,2012-11-01
28.0,Waitemata,2012-12-01
18.0,Waitemata,2013-01-01
16.0,Waitemata,2013-02-01
32.0,Waitemata,2013-03-01
16.0,Waitemata,2013-04-01
16.0,Waitemata,2013-05-01
18.0,Waitemata,2013-06-01
17.0,Waitemata,2013-07-01
30.0,Waitemata,2013-08-01
20.0,Waitemata,2013-09-01
26.0,Waitemata,2013-10-01
21.0,Waitemata,2013-11-01
16.0,Waitemata,2013-12-01
21.0,Waitemata,2014-01-01
12.0,Waitemata,2014-02-01
23.0,Waitemata,2014-03-01
18.0,Waitemata,2014-04-01
12.0,Waitemata,2014-05-01
20.0,Waitemata,2014-06-01
22.0,Waitemata,2014-07-01
22.0,Waitemata,2014-08-01
8.0,Waitemata,2014-09-01
19.0,Waitemata,2014-10-01
17.0,Waitemata,2014-11-01
17.0,Waitemata,2014-12-01
32.0,Waitemata,2015-01-01
26.0,Waitemata,2015-02-01
35.0,Waitemata,2015-03-01
29.0,Waitemata,2015-04-01
28.0,Waitemata,2015-05-01
20.0,Waitemata,2015-06-01
19.0,Waitemata,2015-07-01
20.0,Waitemata,2015-08-01
23.0,Waitemata,2015-09-01
22.0,Waitemata,2015-10-01
10.0,Waitemata,2015-11-01
27.0,Waitemata,2015-12-01
35.0,Waitemata,2016-01-01
14.0,Waitemata,2016-02-01
35.0,Waitemata,2016-03-01
28.0,Waitemata,2016-04-01
30.0,Waitemata,2016-05-01
23.0,Waitemata,2016-06-01
37.0,Waitemata,2016-07-01
29.0,Waitemata,2016-08-01
27.0,Waitemata,2016-09-01
12.0,Wellington,2009-01-01
12.0,Wellington,2009-02-01
19.0,Wellington,2009-03-01
19.0,Wellington,2009-04-01
26.0,Wellington,2009-05-01
16.0,Wellington,2009-06-01
15.0,Wellington,2009-07-01
15.0,Wellington,2009-08-01
12.0,Wellington,2009-09-01
17.0,Wellington,2009-10-01
18.0,Wellington,2009-11-01
19.0,Wellington,2009-12-01
20.0,Wellington,2010-01-01
11.0,Wellington,2010-02-01
12.0,Wellington,2010-03-01
19.0,Wellington,2010-04-01
10.0,Wellington,2010-05-01
11.0,Wellington,2010-06-01
16.0,Wellington,2010-07-01
12.0,Wellington,2010-08-01
19.0,Wellington,2010-09-01
14.0,Wellington,2010-10-01
18.0,Wellington,2010-11-01
11.0,Wellington,2010-12-01
15.0,Wellington,2011-01-01
14.0,Wellington,2011-02-01
23.0,Wellington,2011-03-01
18.0,Wellington,2011-04-01
20.0,Wellington,2011-05-01
9.0,Wellington,2011-06-01
17.0,Wellington,2011-07-01
13.0,Wellington,2011-08-01
16.0,Wellington,2011-09-01
22.0,Wellington,2011-10-01
17.0,Wellington,2011-11-01
23.0,Wellington,2011-12-01
22.0,Wellington,2012-01-01
13.0,Wellington,2012-02-01
20.0,Wellington,2012-03-01
21.0,Wellington,2012-04-01
14.0,Wellington,2012-05-01
14.0,Wellington,2012-06-01
18.0,Wellington,2012-07-01
25.0,Wellington,2012-08-01
14.0,Wellington,2012-09-01
22.0,Wellington,2012-10-01
11.0,Wellington,2012-11-01
32.0,Wellington,2012-12-01
29.0,Wellington,2013-01-01
15.0,Wellington,2013-02-01
19.0,Wellington,2013-03-01
19.0,Wellington,2013-04-01
15.0,Wellington,2013-05-01
12.0,Wellington,2013-06-01
15.0,Wellington,2013-07-01
16.0,Wellington,2013-08-01
19.0,Wellington,2013-09-01
24.0,Wellington,2013-10-01
15.0,Wellington,2013-11-01
20.0,Wellington,2013-12-01
15.0,Wellington,2014-01-01
15.0,Wellington,2014-02-01
26.0,Wellington,2014-03-01
17.0,Wellington,2014-04-01
31.0,Wellington,2014-05-01
22.0,Wellington,2014-06-01
18.0,Wellington,2014-07-01
19.0,Wellington,2014-08-01
19.0,Wellington,2014-09-01
27.0,Wellington,2014-10-01
36.0,Wellington,2014-11-01
20.0,Wellington,2014-12-01
16.0,Wellington,2015-01-01
25.0,Wellington,2015-02-01
21.0,Wellington,2015-03-01
16.0,Wellington,2015-04-01
22.0,Wellington,2015-05-01
25.0,Wellington,2015-06-01
21.0,Wellington,2015-07-01
27.0,Wellington,2015-08-01
19.0,Wellington,2015-09-01
22.0,Wellington,2015-10-01
20.0,Wellington,2015-11-01
28.0,Wellington,2015-12-01
29.0,Wellington,2016-01-01
30.0,Wellington,2016-02-01
20.0,Wellington,2016-03-01
24.0,Wellington,2016-04-01
22.0,Wellington,2016-05-01
26.0,Wellington,2016-06-01
29.0,Wellington,2016-07-01
20.0,Wellington,2016-08-01
27.0,Wellington,2016-09-01
